{"1.0": [0.07134396984924624, 0.054243969849246065], "1.005": [0.004857692307692285, 0.0], "1.01": [0.06040774058577403, 0.043307740585774024], "1.0150000000000001": [0.008795733788395876, 0.0], "1.02": [0.05816445783132529, 0.041064457831325285], "1.025": [0.04356098901098898, 0.026460989010988922], "1.03": [0.05995540540540539, 0.042855405405405333], "1.0350000000000001": [0.0, 0.0], "1.04": [0.049392105263157904, 0.03229210526315773], "1.045": [0.05552799511002443, 0.03842799511002437], "1.05": [0.061363627254509, 0.04426362725450894], "1.0550000000000002": [0.07134396984924624, 0.054243969849246065], "1.06": [0.061363627254509, 0.04426362725450894], "1.065": [0.047407142857142814, 0.030307142857142866], "1.07": [0.07134396984924624, 0.054243969849246065], "1.0750000000000002": [0.014436792452830194, 0.0], "1.08": [0.049392105263157904, 0.03229210526315773], "1.085": [0.057931642512077275, 0.04083164251207727], "1.09": [0.01525270270270268, 0.0], "1.0950000000000002": [0.07134396984924624, 0.054243969849246065], "1.1": [0.07134396984924624, 0.054243969849246065]}