{"1.0": 0.08168421052631564, "1.002": 0.01525270270270268, "1.004": 0.0011542154566744345, "1.006": 4.999999999999449e-05, "1.008": 0.01525270270270268, "1.01": 0.0005321428571428144, "1.012": 0.01525270270270268, "1.014": 0.00022901234567895834, "1.016": 0.0012481132075471413, "1.018": 0.0, "1.02": 0.0, "1.022": 0.01525270270270268, "1.024": 0.0009552287581698904, "1.026": 0.0, "1.028": 0.00020217391304344634, "1.03": 0.00022901234567895834, "1.032": 0.01525270270270268, "1.034": 0.0, "1.036": 0.0009552287581698904, "1.038": 0.0010412280701754262, "1.04": 0.00022901234567895834, "1.042": 0.0005199248120300592, "1.044": 0.01525270270270268, "1.046": 0.00034439252336443404, "1.048": 0.0005199248120300592, "1.05": 0.0, "1.052": 0.0009552287581698904, "1.054": 0.0, "1.056": 0.0, "1.058": 0.0, "1.06": 0.0, "1.062": 0.0005199248120300592, "1.064": 0.0009922110552763597, "1.066": 0.0, "1.068": 0.0, "1.07": 0.00036725888324873335, "1.072": 0.0018357142857142739, "1.074": 0.00022901234567895834, "1.076": 0.0010412280701754262, "1.078": 0.00020217391304344634, "1.08": 0.0005199248120300592, "1.082": 0.0, "1.084": 0.00034439252336443404, "1.086": 0.0, "1.088": 4.3562231759608494e-05, "1.09": 0.0, "1.092": 0.0005199248120300592, "1.094": 0.0, "1.096": 0.00022901234567895834, "1.098": 0.01525270270270268, "1.1": 0.0005321428571428144}