{"1.0": 4200.5802062250295, "1.002": 4212.393901840308, "1.004": 4215.776066325939, "1.006": 4311.324896260022, "1.008": 4212.393901840308, "1.01": 4213.794953906123, "1.012": 4212.393901840308, "1.014": 4224.027067827913, "1.016": 4216.624256210128, "1.018": 4216.273309728412, "1.02": 4252.76018758609, "1.022": 4212.393901840308, "1.024": 4213.822119191995, "1.026": 4217.14791707649, "1.028": 4214.306331004758, "1.03": 4224.027067827913, "1.032": 4212.393901840308, "1.034": 4215.736277301004, "1.036": 4215.3835052774075, "1.038": 4215.063693724438, "1.04": 4224.027067827913, "1.042": 4302.778253219069, "1.044": 4212.393901840308, "1.046": 4216.249813464953, "1.048": 4302.778253219069, "1.05": 4305.16897216632, "1.052": 4215.3835052774075, "1.054": 4218.285195989248, "1.056": 4218.285195989248, "1.058": 4304.59630092587, "1.06": 4215.5714964490435, "1.062": 4302.778253219069, "1.064": 4251.327545379704, "1.066": 4252.76018758609, "1.068": 4305.16897216632, "1.07": 4252.20378983668, "1.072": 4302.972519941075, "1.074": 4224.164720989522, "1.076": 4215.063693724438, "1.078": 4214.306331004758, "1.08": 4302.778253219069, "1.082": 4303.28886032143, "1.084": 4216.33579735002, "1.086": 4303.130867615689, "1.088": 4215.870085112703, "1.09": 4305.16897216632, "1.092": 4302.778253219069, "1.094": 4252.676503723808, "1.096": 4224.027067827915, "1.098": 4212.393901840308, "1.1": 4213.794953906123}