{"1.0": 4228.2891802559525, "1.005": 4304.415649115474, "1.01": 4200.6849286285, "1.0150000000000001": 4304.762665677378, "1.02": 4203.532556885915, "1.025": 4204.192313522646, "1.03": 4199.079143969157, "1.0350000000000001": 4319.030012503915, "1.04": 4200.5802062250295, "1.045": 4201.5103044405705, "1.05": 4203.971905517551, "1.0550000000000002": 4228.2891802559525, "1.06": 4203.971905517551, "1.065": 4203.933684601626, "1.07": 4228.2891802559525, "1.0750000000000002": 4301.779120208488, "1.08": 4200.5802062250295, "1.085": 4201.178407388867, "1.09": 4303.142666375186, "1.0950000000000002": 4228.2891802559525, "1.1": 4228.2891802559525}