{"1.0": [0.019785926686216926, 0.02026392668621707], "1.002": [0.019785926686216926, 0.02026392668621707], "1.004": [0.019785926686216926, 0.02026392668621707], "1.006": [0.02061394117647053, 0.02109194117647062], "1.008": [0.019785926686216926, 0.02026392668621707], "1.01": [0.019785926686216926, 0.02026392668621707], "1.012": [0.02061394117647053, 0.02109194117647062], "1.014": [0.02061394117647053, 0.02109194117647062], "1.016": [0.019785926686216926, 0.02026392668621707], "1.018": [0.019785926686216926, 0.02026392668621707], "1.02": [0.02061394117647053, 0.02109194117647062], "1.022": [0.019785926686216926, 0.02026392668621707], "1.024": [0.019785926686216926, 0.02026392668621707], "1.026": [0.02061394117647053, 0.02109194117647062], "1.028": [0.019785926686216926, 0.02026392668621707], "1.03": [0.02061394117647053, 0.02109194117647062], "1.032": [0.02061394117647053, 0.02109194117647062], "1.034": [0.02061394117647053, 0.02109194117647062], "1.036": [0.019785926686216926, 0.02026392668621707], "1.038": [0.02061394117647053, 0.02109194117647062], "1.04": [0.019785926686216926, 0.02026392668621707], "1.042": [0.019785926686216926, 0.02026392668621707], "1.044": [0.019785926686216926, 0.02026392668621707], "1.046": [0.02061394117647053, 0.02109194117647062], "1.048": [0.019785926686216926, 0.02026392668621707], "1.05": [0.019785926686216926, 0.02026392668621707], "1.052": [0.019785926686216926, 0.02026392668621707], "1.054": [0.02061394117647053, 0.02109194117647062], "1.056": [0.019785926686216926, 0.02026392668621707], "1.058": [0.02061394117647053, 0.02109194117647062], "1.06": [0.019785926686216926, 0.02026392668621707], "1.062": [0.019785926686216926, 0.02026392668621707], "1.064": [0.019785926686216926, 0.02026392668621707], "1.066": [0.02061394117647053, 0.02109194117647062], "1.068": [0.02061394117647053, 0.02109194117647062], "1.07": [0.02061394117647053, 0.02109194117647062], "1.072": [0.019785926686216926, 0.02026392668621707], "1.074": [0.02061394117647053, 0.02109194117647062], "1.076": [0.02061394117647053, 0.02109194117647062], "1.078": [0.019785926686216926, 0.02026392668621707], "1.08": [0.02061394117647053, 0.02109194117647062], "1.082": [0.019785926686216926, 0.02026392668621707], "1.084": [0.019785926686216926, 0.02026392668621707], "1.086": [0.02061394117647053, 0.02109194117647062], "1.088": [0.02061394117647053, 0.02109194117647062], "1.09": [0.019785926686216926, 0.02026392668621707], "1.092": [0.02061394117647053, 0.02109194117647062], "1.094": [0.019785926686216926, 0.02026392668621707], "1.096": [0.019785926686216926, 0.02026392668621707], "1.098": [0.02061394117647053, 0.02109194117647062], "1.1": [0.02061394117647053, 0.02109194117647062]}