{"1.0": 2387.3216250972173, "1.002": 2387.3216250972173, "1.004": 2387.3216250972173, "1.006": 2387.339577697575, "1.008": 2387.3216250972173, "1.01": 2387.3216250972173, "1.012": 2387.339577697575, "1.014": 2387.339577697575, "1.016": 2387.3216250972173, "1.018": 2387.3216250972173, "1.02": 2387.339577697575, "1.022": 2387.3216250972173, "1.024": 2387.3216250972173, "1.026": 2387.339577697575, "1.028": 2387.3216250972173, "1.03": 2387.339577697575, "1.032": 2387.339577697575, "1.034": 2387.339577697575, "1.036": 2387.3216250972173, "1.038": 2387.339577697575, "1.04": 2387.3216250972173, "1.042": 2387.3216250972173, "1.044": 2387.3216250972173, "1.046": 2387.339577697575, "1.048": 2387.3216250972173, "1.05": 2387.3216250972173, "1.052": 2387.3216250972173, "1.054": 2387.339577697575, "1.056": 2387.3216250972173, "1.058": 2387.339577697575, "1.06": 2387.3216250972173, "1.062": 2387.3216250972173, "1.064": 2387.3216250972173, "1.066": 2387.339577697575, "1.068": 2387.339577697575, "1.07": 2387.339577697575, "1.072": 2387.3216250972173, "1.074": 2387.339577697575, "1.076": 2387.339577697575, "1.078": 2387.3216250972173, "1.08": 2387.339577697575, "1.082": 2387.3216250972173, "1.084": 2387.3216250972173, "1.086": 2387.339577697575, "1.088": 2387.339577697575, "1.09": 2387.3216250972173, "1.092": 2387.339577697575, "1.094": 2387.3216250972173, "1.096": 2387.3216250972173, "1.098": 2387.339577697575, "1.1": 2387.339577697575}