{"1.0": 2387.3216250972173, "1.002": 2391.7048241415323, "1.004": 2391.5765044742548, "1.006": 2391.5765044742548, "1.008": 2391.5765044742548, "1.01": 2391.704824141533, "1.012": 2391.7048241415323, "1.014": 2391.7048241415323, "1.016": 2391.7048241415323, "1.018": 2391.704824141533, "1.02": 2391.704824141533, "1.022": 2391.704824141533, "1.024": 2391.704824141533, "1.026": 2391.704824141533, "1.028": 2391.5765044742548, "1.03": 2391.5765044742548, "1.032": 2391.704824141533, "1.034": 2391.5765044742548, "1.036": 2391.704824141533, "1.038": 2391.7048241415323, "1.04": 2391.7048241415323, "1.042": 2391.7048241415323, "1.044": 2391.5765044742548, "1.046": 2391.5765044742548, "1.048": 2391.5765044742548, "1.05": 2391.5765044742548, "1.052": 2391.5765044742548, "1.054": 2391.5765044742548, "1.056": 2391.7048241415323, "1.058": 2391.704824141533, "1.06": 2391.7048241415323, "1.062": 2391.704824141533, "1.064": 2391.7048241415323, "1.066": 2391.7048241415323, "1.068": 2391.7048241415323, "1.07": 2391.5765044742548, "1.072": 2391.7048241415323, "1.074": 2391.704824141533, "1.076": 2391.7048241415323, "1.078": 2391.5765044742548, "1.08": 2391.7048241415323, "1.082": 2391.7048241415323, "1.084": 2391.7048241415323, "1.086": 2391.7048241415323, "1.088": 2391.7048241415323, "1.09": 2391.5765044742548, "1.092": 2391.5765044742548, "1.094": 2391.7048241415323, "1.096": 2391.704824141533, "1.098": 2391.7048241415323, "1.1": 2391.7048241415323}