{"1.0": 0.04584615384615387, "1.002": 0.007654205607476761, "1.004": 0.0015011389521640273, "1.006": 0.0029154929577465682, "1.008": 0.0029154929577465682, "1.01": 0.0029154929577465682, "1.012": 0.0029154929577465682, "1.014": 0.0015011389521640273, "1.016": 0.0029154929577465682, "1.018": 0.005235294117647171, "1.02": 0.0006065573770492327, "1.022": 0.0008675496688742013, "1.024": 0.0029154929577465682, "1.026": 0.0015011389521640273, "1.028": 0.0015011389521640273, "1.03": 0.0029154929577465682, "1.032": 0.0029154929577465682, "1.034": 0.0029154929577465682, "1.036": 0.0008675496688742013, "1.038": 0.0008675496688742013, "1.04": 0.0015011389521640273, "1.042": 0.0029154929577465682, "1.044": 0.0008675496688742013, "1.046": 0.0015011389521640273, "1.048": 0.0029154929577465682, "1.05": 0.0029154929577465682, "1.052": 0.01700000000000007, "1.054": 0.0029154929577465682, "1.056": 0.0029154929577465682, "1.058": 0.0008675496688742013, "1.06": 0.0029154929577465682, "1.062": 0.0008675496688742013, "1.064": 0.0029154929577465682, "1.066": 0.0029154929577465682, "1.068": 0.0008675496688742013, "1.07": 0.0029154929577465682, "1.072": 0.0029154929577465682, "1.074": 0.0029154929577465682, "1.076": 0.0015011389521640273, "1.078": 0.0029154929577465682, "1.08": 0.0015011389521640273, "1.082": 0.0015011389521640273, "1.084": 0.0015011389521640273, "1.086": 0.0029154929577465682, "1.088": 0.0029154929577465682, "1.09": 0.0008675496688742013, "1.092": 0.0015011389521640273, "1.094": 0.0015011389521640273, "1.096": 0.01700000000000007, "1.098": 0.0029154929577465682, "1.1": 0.0015011389521640273}