{"1.0": 55254.035445629386, "1.01": 53154.18242395434, "1.02": 55253.5995863231, "1.03": 55254.035445629386, "1.04": 53154.18242395434, "1.05": 55254.035445629386, "1.06": 55254.035445629386, "1.07": 53154.18242395434, "1.08": 53154.18242395434, "1.09": 53154.18242395434, "1.1": 55254.035445629386}