{"1.0": 53154.18242395434, "1.002": 53361.4010183893, "1.004": 55634.162891908796, "1.006": 53401.05717915873, "1.008": 53401.05717915873, "1.01": 53401.05717915873, "1.012": 53401.05717915873, "1.014": 55633.546878199384, "1.016": 53401.05717915873, "1.018": 62273.37032041428, "1.02": 64397.63416516903, "1.022": 59698.0663199224, "1.024": 53401.05717915873, "1.026": 55634.162891908796, "1.028": 55633.546878199384, "1.03": 53401.05717915873, "1.032": 53401.05717915873, "1.034": 53401.05717915873, "1.036": 59698.0663199224, "1.038": 59698.0663199224, "1.04": 55634.162891908796, "1.042": 53401.05717915873, "1.044": 59698.0663199224, "1.046": 55634.162891908796, "1.048": 53401.05717915873, "1.05": 53401.05717915873, "1.052": 65519.77503426904, "1.054": 53401.05717915873, "1.056": 53401.05717915873, "1.058": 59698.0663199224, "1.06": 53401.05717915873, "1.062": 59698.0663199224, "1.064": 53401.05717915873, "1.066": 53401.05717915873, "1.068": 59698.0663199224, "1.07": 53401.05717915873, "1.072": 53401.05717915873, "1.074": 53401.05717915873, "1.076": 55634.162891908796, "1.078": 53401.05717915873, "1.08": 55633.546878199384, "1.082": 55634.162891908796, "1.084": 55634.162891908796, "1.086": 53401.05717915873, "1.088": 53401.05717915873, "1.09": 59698.0663199224, "1.092": 55633.546878199384, "1.094": 55633.546878199384, "1.096": 65376.7819710078, "1.098": 53401.05717915873, "1.1": 55634.162891908796}