{"1.0": [0.05572639130434781, 0.05570839130434779], "1.01": [0.022932076923076916, 0.022914076923076954], "1.02": [0.05472918348623851, 0.05471118348623849], "1.03": [0.05572639130434781, 0.05570839130434779], "1.04": [0.022932076923076916, 0.022914076923076954], "1.05": [0.05572639130434781, 0.05570839130434779], "1.06": [0.05572639130434781, 0.05570839130434779], "1.07": [0.022932076923076916, 0.022914076923076954], "1.08": [0.022932076923076916, 0.022914076923076954], "1.09": [0.022932076923076916, 0.022914076923076954], "1.1": [0.05572639130434781, 0.05570839130434779]}